chrom,pos,mod,modtype,enzyme_snoRNP,base_flag,nm_flag,per_modified-SILNAS,per_modified-HPLC,per_modified-RiboMeth1,per_modified-RiboMeth2,,,,,,,,
ec16s,516,Y,Y,RsuA,1,0,,,,,,,,,,,,
ec16s,527,m7G,base,RsmG,1,0,,,,,,,,,,,,
ec16s,966,m2G,base,RsmD,1,0,,,,,,,,,,,,
ec16s,967,m5C,base,RsmB,1,0,,,,,,,,,,,,
ec16s,1207,m2G,base,RsmC,1,0,,,,,,,,,,,,
ec16s,1402,m4Cm,Nm,RsmH/RsmI,1,1,,,,,,,,,,,,
ec16s,1407,m5C,base,RsmF,1,0,,,,,,,,,,,,
ec16s,1498,m3U,base,RsmE,1,0,,,,,,,,,,,,
ec16s,1516,m2G,base,RsmJ,1,0,,,,,,,,,,,,
ec16s,1518,m62A,base,RsmA,1,0,,,,,,,,,,,,
ec16s,1519,m62A,base,RsmA,1,0,,,,,,,,,,,,
ec23s,745,m1G,base,RlmA,1,0,,,,,,,,,,,,
ec23s,746,Y,Y,RluA,1,0,,,,,,,,,,,,
ec23s,747,m5U,base,RlmC,1,0,,,,,,,,,,,,
ec23s,955,Y,Y,RluC,1,0,,,,,,,,,,,,
ec23s,1618,m6A,base,RlmF,1,0,,,,,,,,,,,,
ec23s,1835,m2G,base,RlmG,1,0,,,,,,,,,,,,
ec23s,1911,Y,Y,RluD,1,0,,,,,,,,,,,,
ec23s,1915,m3Y,base,RluD/RlmH,1,0,,,,,,,,,,,,
ec23s,1917,Y,Y,RluD,1,0,,,,,,,,,,,,
ec23s,1939,m5U,base,RlmD,1,0,,,,,,,,,,,,
ec23s,1962,m5C,base,RlmI,1,0,,,,,,,,,,,,
ec23s,2030,m6A,base,RlmJ,1,0,,,,,,,,,,,,
ec23s,2069,m7G,base,RlmKL,1,0,,,,,,,,,,,,
ec23s,2251,Gm,Nm,RlmB,0,1,,,,,,,,,,,,
ec23s,2445,m2G,base,RlmKL,1,0,,,,,,,,,,,,
ec23s,2449,D,base,,1,0,,,,,,,,,,,,
ec23s,2457,Y,Y,RluE,1,0,,,,,,,,,,,,
ec23s,2498,Cm,Nm,RlmM,0,1,,,,,,,,,,,,
ec23s,2501,ho5C,base,,1,0,,,,,,,,,,,,
ec23s,2503,m2A,base,RlmN,1,0,,,,,,,,,,,,
ec23s,2504,Y,Y,RluC,1,0,,,,,,,,,,,,
ec23s,2552,Um,Nm,RlmE,0,1,,,,,,,,,,,,
ec23s,2580,Y,Y,RluC,1,0,,,,,,,,,,,,
ec23s,2604,Y,Y,RluF,1,0,,,,,,,,,,,,
ec23s,2605,Y,Y,RluB,1,0,,,,,,,,,,,,
sc18s,28,Am,Nm,snR74,0,1,95,90,85,99,,,,,,,,
sc18s,100,Am,Nm,snR51,0,1,80,73,77,77,,,,,,,,
sc18s,106,Y,Y,snR44,1,0,95,nan,nan,nan,,,,,,,,
sc18s,120,Y,Y,snR49,1,0,95,nan,nan,nan,,,,,,,,
sc18s,211,Y,Y,snR49,1,0,83,nan,nan,nan,,,,,,,,
sc18s,302,Y,Y,snR49,1,0,86,nan,nan,nan,,,,,,,,
sc18s,414,Cm,Nm,U14,0,1,95,89,89,96,,,,,,,,
sc18s,420,Am,Nm,snR52,0,1,95,98,83,90,,,,,,,,
sc18s,436,Am,Nm,snR87,0,1,73,98,74,89,,,,,,,,
sc18s,466,Y,Y,snR189,1,0,60,nan,nan,nan,,,,,,,,
sc18s,541,Am,Nm,snR41,0,1,95,95,87,99,,,,,,,,
sc18s,562,Gm,Nm,,0,1,67,100,94,92,,,,,,,,
sc18s,578,Um,Nm,snR77,0,1,95,95,90,93,,,,,,,,
sc18s,619,Am,Nm,snR47,0,1,100,98,85,92,,,,,,,,
sc18s,632,Y,Y,snR161,1,0,84,nan,nan,nan,,,,,,,,
sc18s,759,Y,Y,snR80,1,0,95,nan,nan,nan,,,,,,,,
sc18s,766,Y,Y,snR161,1,0,95,nan,nan,nan,,,,,,,,
sc18s,796,Am,Nm,snR53,0,1,95,98,92,97,,,,,,,,
sc18s,974,Am,Nm,snR54,0,1,94,95,91,96,,,,,,,,
sc18s,999,Y,Y,snR31,1,0,84,nan,nan,nan,,,,,,,,
sc18s,1007,Cm,Nm,snR79,0,1,95,100,92,98,,,,,,,,
sc18s,1126,Gm,Nm,snR41,0,1,89,100,94,93,,,,,,,,
sc18s,1181,Y,Y,snR85,1,0,95,nan,nan,nan,,,,,,,,
sc18s,1187,Y,Y,snR36,1,0,95,nan,nan,nan,,,,,,,,
sc18s,1191,m1acp3Y,base,"snR35, Emg1,Tsr3",1,0,100,nan,nan,nan,,,,,,,,
sc18s,1269,Um,Nm,snR55,0,1,95,95,88,92,,,,,,,,
sc18s,1271,Gm,Nm,snR40,0,1,95,100,92,98,,,,,,,,
sc18s,1280,ac4C,base,Kre33,1,0,84,96,nan,nan,,,,,,,,
sc18s,1290,Y,Y,snR83,1,0,93,nan,nan,nan,,,,,,,,
sc18s,1415,Y,Y,snR83,1,0,79,nan,nan,nan,,,,,,,,
sc18s,1428,Gm,Nm,snR56,0,1,95,100,95,99,,,,,,,,
sc18s,1572,Gm,Nm,snR57,0,1,100,100,89,97,,,,,,,,
sc18s,1575,m7G,base,Bud23,1,0,95,72,nan,nan,,,,,,,,
sc18s,1639,Cm,Nm,snR70,0,1,79,92,93,98,,,,,,,,
sc18s,1773,ac4C,base,Kre33,1,0,95,100,nan,nan,,,,,,,,
sc18s,1781,m26A,base,Dim1,1,0,90,nan,nan,nan,,,,,,,,
sc18s,1782,m26A,base,Dim1,1,0,90,nan,nan,nan,,,,,,,,
sc25s,645,m1A,base,Rrp8 (Bmt1),1,0,95,99,nan,nan,,,,,,,,
sc25s,649,Am,Nm,U18,0,1,95,93,88,98,,,,,,,,
sc25s,650,Cm,Nm,U18,0,1,94,100,95,98,,,,,,,,
sc25s,663,Cm,Nm,snR58,0,1,74,81,62,91,,,,,,,,
sc25s,776,Y,Y,snR80,1,0,100,nan,nan,nan,,,,,,,,
sc25s,805,Gm,Nm,snR39b,0,1,95,90,93,98,,,,,,,,
sc25s,807,Am,Nm,snR39/snR59,0,1,95,98,94,97,,,,,,,,
sc25s,817,Am,Nm,snR60,0,1,89,98,92,85,,,,,,,,
sc25s,867,Gm,Nm,snR50,0,1,78,90,95,95,,,,,,,,
sc25s,876,Am,Nm,snR72,0,1,75,95,89,91,,,,,,,,
sc25s,898,Um,Nm,snR40,0,1,94,94,78,85,,,,,,,,
sc25s,908,Gm,Nm,snR60,0,1,100,95,96,96,,,,,,,,
sc25s,956,m3U,base,Bmt5,1,0,95,nan,nan,nan,,,,,,,,
sc25s,960,Y,Y,snR80,1,0,87,nan,nan,nan,,,,,,,,
sc25s,966,Y,Y,snR43,1,0,91,nan,nan,nan,,,,,,,,
sc25s,986,Y,Y,snR8,1,0,100,nan,nan,nan,,,,,,,,
sc25s,990,Y,Y,snR49,1,0,100,nan,nan,nan,,,,,,,,
sc25s,1004,Y,Y,snR5,1,0,85,nan,nan,nan,,,,,,,,
sc25s,1042,Y,Y,snR33,1,0,95,nan,nan,nan,,,,,,,,
sc25s,1052,Y,Y,snR81,1,0,95,nan,nan,nan,,,,,,,,
sc25s,1056,Y,Y,snR44,1,0,95,nan,nan,nan,,,,,,,,
sc25s,1110,Y,Y,snR82,1,0,70,nan,nan,nan,,,,,,,,
sc25s,1124,Y,Y,snR5,1,0,95,nan,nan,nan,,,,,,,,
sc25s,1133,Am,Nm,snR61,0,1,88,98,92,99,,,,,,,,
sc25s,1437,Cm,Nm,U24,0,1,95,100,92,97,,,,,,,,
sc25s,1449,Am,Nm,U24,0,1,95,97,67,99,,,,,,,,
sc25s,1450,Gm,Nm,U24,0,1,95,100,94,99,,,,,,,,
sc25s,1888,Um,Nm,snR62,0,1,95,99,94,97,,,,,,,,
sc25s,2129,Y,Y,snR3,1,0,91,nan,nan,nan,,,,,,,,
sc25s,2133,Y,Y,snR3,1,0,100,nan,nan,nan,,,,,,,,
sc25s,2142,m1A,base,Bmt2,1,0,95,99,nan,nan,,,,,,,,
sc25s,2191,Y,Y,snR32,1,0,95,nan,nan,nan,,,,,,,,
sc25s,2197,Cm,Nm,snR76,0,1,91,100,71,86,,,,,,,,
sc25s,2220,Am,Nm,snR47,0,1,93,98,94,99,,,,,,,,
sc25s,2256,Am,Nm,snR63,0,1,100,98,94,95,,,,,,,,
sc25s,2258,Y,Y,snR191,1,0,95,nan,nan,nan,,,,,,,,
sc25s,2260,Y,Y,snR191,1,0,95,nan,nan,nan,,,,,,,,
sc25s,2264,Y,Y,snR3,1,0,95,nan,nan,nan,,,,,,,,
sc25s,2266,Y,Y,snR84,1,0,95,nan,nan,nan,,,,,,,,
sc25s,2278,m5C,base,Rcm1 (Bmt3),1,0,100,100,nan,nan,,,,,,,,
sc25s,2280,Am,Nm,snR13,0,1,100,99,91,100,,,,,,,,
sc25s,2281,Am,Nm,snR13,0,1,100,99,92,100,,,,,,,,
sc25s,2288,Gm,Nm,snR75,0,1,95,100,95,96,,,,,,,,
sc25s,2314,Y,Y,snR86,1,0,100,nan,nan,nan,,,,,,,,
sc25s,2337,Cm,Nm,snR64,0,1,100,100,94,99,,,,,,,,
sc25s,2340,Y,Y,snR9,1,0,100,nan,nan,nan,,,,,,,,
sc25s,2347,Um/Y/Ym,Nm,"snR65, snR9",1,1,76,66,69,61,,,,,,,,
sc25s,2349,Y,Y,snR82,1,0,100,nan,nan,nan,,,,,,,,
sc25s,2351,Y,Y,snR82,1,0,100,nan,nan,nan,,,,,,,,
sc25s,2416,Y,Y,snR11,1,0,95,nan,nan,nan,,,,,,,,
sc25s,2417,Um,Nm,snR66,0,1,100,99,95,99,,,,,,,,
sc25s,2421,Um,Nm,snR78,0,1,95,99,86,93,,,,,,,,
sc25s,2619,Gm,Nm,snR67,0,1,87,100,93,98,,,,,,,,
sc25s,2634,m3U,base,Bmt5,1,0,95,100,nan,nan,,,,,,,,
sc25s,2640,Am,Nm,snR68,0,1,93,95,90,96,,,,,,,,
sc25s,2724,Um,Nm,snR66,0,1,95,92,92,98,,,,,,,,
sc25s,2729,Um,Nm,snR51,0,1,75,89,67,94,,,,,,,,
sc25s,2735,Y,Y,snR189,1,0,85,nan,nan,nan,,,,,,,,
sc25s,2791,Gm,Nm,snR48,0,1,86,95,94,98,,,,,,,,
sc25s,2793,Gm,Nm,snR48,0,1,95,95,95,98,,,,,,,,
sc25s,2815,Gm,Nm,snR38,0,1,95,95,95,99,,,,,,,,
sc25s,2826,Y,Y,snR34,1,0,87,nan,nan,nan,,,,,,,,
sc25s,2843,m3U,base,Bmt6,1,0,95,100,nan,nan,,,,,,,,
sc25s,2865,Y,Y,snR46,1,0,95,nan,nan,nan,,,,,,,,
sc25s,2870,m5C,base,Nop2 (Bmt4),1,0,95,100,nan,nan,,,,,,,,
sc25s,2880,Y,Y,snR34,1,0,100,nan,nan,nan,,,,,,,,
sc25s,2921,Um,Nm,snR52/Sbp1,0,1,95,93,92,99,,,,,,,,
sc25s,2922,Gm,Nm,Sbp1,0,1,95,97,95,98,,,,,,,,
sc25s,2923,Y,Y,snR10,1,0,95,nan,nan,nan,,,,,,,,
sc25s,2944,Y,Y,snR37,1,0,58,nan,nan,nan,,,,,,,,
sc25s,2946,Am,Nm,snR71,0,1,91,99,92,99,,,,,,,,
sc25s,2948,Cm,Nm,snR69,0,1,95,99,77,82,,,,,,,,
sc25s,2959,Cm,Nm,snR73,0,1,94,93,96,95,,,,,,,,
sc25s,2975,Y,Y,snR42,1,0,95,nan,nan,nan,,,,,,,,